SMILES,CASRN,EXTERNALID,N,NAME,ARTICLEID,PUBMEDID,PAGE,TABLE,Papp(PAMPA),UNIT {Papp(PAMPA)},"Papp(PAMPA) {measured, converted}",UNIT {Papp(PAMPA)},pH,UNIT {pH},Temperature,UNIT {Temperature}
CC(C1=C(OCC(O)CNC(C)C)C=CC(NC(CCC)=O)=C1)=O,-,-,-,Acebutolol,A2105,12008054,-,1,3.3,10^(-6) cm/s,3.3,10^(-6) cm/s,7.4,Log unit,,-
CC(NC1=CC=C(O)C=C1)=O,-,-,-,Acetaminophen,A2105,12008054,-,1,3.5,10^(-6) cm/s,3.5,10^(-6) cm/s,7.4,Log unit,,-
C=1(C(=O)O)C(OC(=O)C)=CC=CC1,-,-,-,Acetylsalicylic acid,A2105,12008054,-,1,3.8,10^(-6) cm/s,3.8,10^(-6) cm/s,7.4,Log unit,,-
O=C1C2=C(N(COCCO)C=N2)N=C(N)N1,-,-,,Acyclovir,A2105,12008054,-,1,<0.05,10^(-6) cm/s,0.05,10^(-6) cm/s,7.4,Log unit,,-
C=CCC1=CC=CC=C1OCC(O)CNC(C)C,-,-,-,Alprenolol,A2105,12008054,-,1,15.1,10^(-6) cm/s,15.1,10^(-6) cm/s,7.4,Log unit,,-
NC1=NC(N)=C(Cl)N=C1C(NC(N)=N)=O,-,-,,Amiloride,A2105,12008054,-,1,<0.05,10^(-6) cm/s,0.05,10^(-6) cm/s,7.4,Log unit,,-
CC1(C(N2C(S1)C(C2=O)NC(=O)C(C3=CC=C(C=C3)O)N)C(=O)O)C,-,-,-,Amoxicillin,A2105,12008054,-,1,1.5,10^(-6) cm/s,1.5,10^(-6) cm/s,7.4,Log unit,,-
O1C2(O)CC(O)C(C1CC(OC3OC(C(O)C(N)C3O)C)C=CC=CC=CC=CC=CC=CC=CC(C(O)C(C(OC(=O)CC(O)CC(O)CCC(O)C(O)CC(O)C2)C)C)C)C(O)=O,-,-,,amphotericin b,A2105,12008054,-,1,<0.05,10^(-6) cm/s,0.05,10^(-6) cm/s,7.4,Log unit,,-
CC1=CC(N(N1C)C2=CC=CC=C2)=O,-,-,-,Antipyrine,A2105,12008054,-,1,13.2,10^(-6) cm/s,13.2,10^(-6) cm/s,7.4,Log unit,,-
CC(NCC(COC1=CC=C(C=C1)CC(N)=O)O)C,-,-,,atenolol,A2105,12008054,-,1,<0.05,10^(-6) cm/s,0.05,10^(-6) cm/s,7.4,Log unit,,-
C=1C=CC=C(C[N+](CC)(C)C)C1Br.C=1C=C(C=CC1S(=O)(=O)[O-])C,-,-,,Bretylium tosylate,A2105,12008054,-,1,<0.05,10^(-6) cm/s,0.05,10^(-6) cm/s,7.4,Log unit,,-
BrC=1NC=2C3=C(C=4C(N(CC(C(=O)NC5(OC6(O)N(C(C(=O)N7C6CCC7)CC(C)C)C5=O)C(C)C)C4)C)CC31)C=CC2,-,-,,Bromocriptine,A2105,12008054,-,1,<0.05,10^(-6) cm/s,0.05,10^(-6) cm/s,7.4,Log unit,,-
S(C=1C(=C(C=C(C1)C(=O)O)NCCCC)OC=2C=CC=CC2)(=O)(=O)N,-,-,-,Bumetanide,A2105,12008054,-,1,0.3,10^(-6) cm/s,0.3,10^(-6) cm/s,7.4,Log unit,,-
C=1(C(C(NC(C)(C)C)C)=O)C=C(C=CC1)Cl,-,-,-,Bupropion,A2105,12008054,-,1,14.1,10^(-6) cm/s,14.1,10^(-6) cm/s,7.4,Log unit,,-
CN1C=NC=2N(C(N(C)C(C21)=O)=O)C,-,-,-,Caffeine,A2105,12008054,-,1,10.8,10^(-6) cm/s,10.8,10^(-6) cm/s,7.4,Log unit,,-
O=C(O)C1CCCN1C(C(C)CS)=O,-,-,-,Captopril,A2105,12008054,-,1,19.1,10^(-6) cm/s,19.1,10^(-6) cm/s,7.4,Log unit,,-
NC(N1C2=C(C=CC3=C1C=CC=C3)C=CC=C2)=O,-,-,-,carbamazepine,A2105,12008054,-,1,11.3,10^(-6) cm/s,11.3,10^(-6) cm/s,7.4,Log unit,,-
S1C2N(C(=O)C2NC(=O)C(N)C3=CC=C(O)C=C3)C(=C(C1)C)C(O)=O,-,-,-,Cefadroxil,A2105,12008054,-,1,1,10^(-6) cm/s,1,10^(-6) cm/s,7.4,Log unit,,-
S1C2N(C(=O)C2NC(=O)C(=NOC)C=3N=C(SC3)N)C(=C(C1)CSC=4N(NC(=O)C(=O)N4)C)C(O)=O,-,-,,ceftriaxone,A2105,12008054,-,1,<0.05,10^(-6) cm/s,0.05,10^(-6) cm/s,7.4,Log unit,,-
CC1=C(N2C(C(C2=O)NC(=O)C(C3=CC=CC=C3)N)SC1)C(=O)O,-,-,-,Cephalexin,A2105,12008054,-,1,0.1,10^(-6) cm/s,0.1,10^(-6) cm/s,7.4,Log unit,,-
[N+](C=1C=CC(C(C(NC(C(Cl)Cl)=O)CO)O)=CC1)([O-])=O,-,-,-,Chloramphenicol,A2105,12008054,-,1,1.7,10^(-6) cm/s,1.7,10^(-6) cm/s,7.4,Log unit,,-
O=S1(NC=NC2=C1C=C(S(=O)(N)=O)C(Cl)=C2)=O,-,-,-,Chlorothiazide,A2105,12008054,-,1,1.3,10^(-6) cm/s,1.3,10^(-6) cm/s,7.4,Log unit,,-
CN(CCCN1C2=C(SC3=C1C=C(Cl)C=C3)C=CC=C2)C,-,-,-,Chlorpromazine,A2105,12008054,-,1,4,10^(-6) cm/s,4,10^(-6) cm/s,7.4,Log unit,,-
CNC(NC#N)=NCCSCC1=C(C)NC=N1,-,-,,Cimetidine,A2105,12008054,-,1,<0.05,10^(-6) cm/s,0.05,10^(-6) cm/s,7.4,Log unit,,-
ClC=1C=CC(OC(C)(C)C(OCC)=O)=CC1,-,-,-,Clofibrate,A2105,12008054,-,1,0.3,10^(-6) cm/s,0.3,10^(-6) cm/s,7.4,Log unit,,-
ClC1=CC=CC(Cl)=C1N=C2NCCN2,-,-,-,Clonidine,A2105,12008054,-,1,14,10^(-6) cm/s,14,10^(-6) cm/s,7.4,Log unit,,-
ClC1=C(C=2N(C(N3C(C(N(C(C3([H])[H])([H])[H])C([H])([H])[H])([H])[H])([H])[H])=C4C(=NC2C(=C1[H])[H])C(=C(C(=C4[H])[H])[H])[H])[H])[H],-,-,-,Clozapine,A2105,12008054,-,1,28.1,10^(-6) cm/s,28.1,10^(-6) cm/s,7.4,Log unit,,-
OC1C2C(C3C(C1)(C(CC3)C(=O)CO)C)CCC=4C2(CCC(=O)C4)C,-,-,-,corticosterone,A2105,12008054,-,1,22.1,10^(-6) cm/s,22.1,10^(-6) cm/s,7.4,Log unit,,-
C=1C(OC=2C=CC=CC2C1)=O,-,-,-,Coumarin,A2105,12008054,-,1,22.1,10^(-6) cm/s,22.1,10^(-6) cm/s,7.4,Log unit,,-
O(CC(O)COC1=CC2=C(OC(=CC2=O)C(O)=O)C=C1)C=3C4=C(OC(=CC4=O)C(O)=O)C=CC3,-,-,,Cromolyn,A2105,12008054,-,1,<0.05,10^(-6) cm/s,0.05,10^(-6) cm/s,7.4,Log unit,,-
N1(C(=O)C(N(C(=O)C(NC(=O)C(NC(=O)C(N(C(=O)C(C(C)C)NC(=O)C(N(C)C(=O)CN(C(=O)C(CC)NC(=O)C(C(C(C)CC=CC)O)N(C)C(=O)C(C(C)C)N(C(=O)C1CC(C)C)C)C)CC(C)C)C)CC(C)C)C)C)C)CC(C)C)C,-,-,-,cyclosporine,A2105,12008054,-,1,0.3,10^(-6) cm/s,0.3,10^(-6) cm/s,7.4,Log unit,,-
C(CCC(NCCCCCN(C(C)=O)O)=O)(N(CCCCCNC(CCC(N(CCCCCN)O)=O)=O)O)=O,-,-,,DESFERRIOXAMINE,A2105,12008054,-,1,<0.05,10^(-6) cm/s,0.05,10^(-6) cm/s,7.4,Log unit,,-
CNCCCN1C2=C(CCC3=C1C=CC=C3)C=CC=C2,-,-,-,Desipramine,A2105,12008054,-,1,14.6,10^(-6) cm/s,14.6,10^(-6) cm/s,7.4,Log unit,,-
O=C1C=CC2(C)C(CCC3C2(F)C(O)CC4(C)C3CC(C)C4(O)C(CO)=O)=C1,-,-,-,Dexamethasone,A2105,12008054,-,1,8.1,10^(-6) cm/s,8.1,10^(-6) cm/s,7.4,Log unit,,-
N(C=1C(Cl)=CC=CC1Cl)C=2C(CC(=O)O)=CC=CC2,-,-,-,Diclofenac,A2105,12008054,-,1,12.5,10^(-6) cm/s,12.5,10^(-6) cm/s,7.4,Log unit,,-
S1C(C(OC(=O)C)C(=O)N(CCN(C)C)C=2C1=CC=CC2)C3=CC=C(OC)C=C3,-,-,,Diltiazem,A2105,12008054,-,1,18.5,10^(-6) cm/s,18.5,10^(-6) cm/s,7.4,Log unit,,-
CC1C(C(CC(O1)OC2CC(CC3=C(C4=C(C(=C23)O)C(=O)C5=C(C4=O)C=CC=C5OC)O)(C(=O)CO)O)N)O,-,-,-,Doxorubicin,A2105,12008054,-,1,0.5,10^(-6) cm/s,0.5,10^(-6) cm/s,7.4,Log unit,,-
O=C(N1C(CCC1)C(O)=O)C(NC(CCC2=CC=CC=C2)C(OCC)=O)C,-,-,-,enalapril,A2105,12008054,-,1,0.1,10^(-6) cm/s,0.1,10^(-6) cm/s,7.4,Log unit,,-
O(C1C(C(OC2OC(C(O)C(OC)(C2)C)C)C(C(OC(C(O)(C(O)C(C(=O)C(CC1(O)C)C)C)C)CC)=O)C)C)C3OC(CC(N(C)C)C3O)C,-,-,-,Erythromycin,A2105,12008054,-,1,0.1,10^(-6) cm/s,0.1,10^(-6) cm/s,7.4,Log unit,,-
O(C1C2C(C(C=3C1=CC=4OCOC4C3)C5=CC(OC)=C(O)C(OC)=C5)C(OC2)=O)C6OC7C(OC(OC7)C)C(O)C6O,-,-,-,Etoposide,A2105,12008054,-,1,0.4,10^(-6) cm/s,0.4,10^(-6) cm/s,7.4,Log unit,,-
CCOC(C1=C2CN(C(C3=C(C=CC(F)=C3)N2C=N1)=O)C)=O,-,-,-,flumazenil,A2105,12008054,-,1,6,10^(-6) cm/s,6,10^(-6) cm/s,7.4,Log unit,,-
CNCCC(C1=CC=CC=C1)OC2=CC=C(C(F)(F)F)C=C2,-,-,-,Fluoxetine,A2105,12008054,-,1,14.1,10^(-6) cm/s,14.1,10^(-6) cm/s,7.4,Log unit,,-
S(C1=CC(=C(NCC=2OC=CC2)C=C1Cl)C(=O)O)(=O)(=O)N,-,-,-,Furosemide,A2105,12008054,-,1,0.6,10^(-6) cm/s,0.6,10^(-6) cm/s,7.4,Log unit,,-
C(=O)(CC1(CN)CCCCC1)O,-,-,-,Gabapentin,A2105,12008054,-,1,1.2,10^(-6) cm/s,1.2,10^(-6) cm/s,7.4,Log unit,,-
C1=2C(C3(OC1=C(C(OC)=CC2OC)Cl)C(=CC(=O)CC3C)OC)=O,-,-,-,Griseofulvin,A2105,12008054,-,1,5.3,10^(-6) cm/s,5.3,10^(-6) cm/s,7.4,Log unit,,-
C=1(C(Cl)=CC=CC1Cl)C=NNC(=N)N,-,-,-,Guanabenz,A2105,12008054,-,1,17.5,10^(-6) cm/s,17.5,10^(-6) cm/s,7.4,Log unit,,-
O=S1(NCNC2=C1C=C(S(=O)(N)=O)C(Cl)=C2)=O,-,-,,Hydrochlorothiazide,A2105,12008054,-,1,<0.05,10^(-6) cm/s,0.05,10^(-6) cm/s,7.4,Log unit,,-
O=C1CCC2(C)C(CCC3C2C(O)CC4(C)C3CCC4(O)C(CO)=O)=C1,-,-,-,Hydrocortisone,A2105,12008054,-,1,3.4,10^(-6) cm/s,3.4,10^(-6) cm/s,7.4,Log unit,,-
CC(CC1=CC=C(C(C(O)=O)C)C=C1)C,-,-,-,Ibuprofen,A2105,12008054,-,1,6.8,10^(-6) cm/s,6.8,10^(-6) cm/s,7.4,Log unit,,-
CN(CCCN1C2=C(CCC3=C1C=CC=C3)C=CC=C2)C,-,-,-,Imipramine,A2105,12008054,-,1,8.4,10^(-6) cm/s,8.4,10^(-6) cm/s,7.4,Log unit,,-
COC1=CC2=C(N(C(C)=C2CC(O)=O)C(C3=CC=C(C=C3)Cl)=O)C=C1,-,-,-,Indomethacin,A2105,12008054,-,1,2.4,10^(-6) cm/s,2.4,10^(-6) cm/s,7.4,Log unit,,-
ClC1=C(C2(OC(CO2)COC3=CC=C(N4CCN(CC4)C(=O)C)C=C3)CN5C=CN=C5)C=CC(Cl)=C1,-,-,-,Ketoconazole,A2105,12008054,-,1,1.2,10^(-6) cm/s,1.2,10^(-6) cm/s,7.4,Log unit,,-
O=C(C1=CC=CC=C1)C2=CC=CC(C(C)C(O)=O)=C2,-,-,-,Ketoprofen,A2105,12008054,-,1,16.7,10^(-6) cm/s,16.7,10^(-6) cm/s,7.4,Log unit,,-
OC(=O)C1CCN2C1=CC=C2C(=O)C3=CC=CC=C3,-,-,-,Ketorolac,A2105,12008054,-,1,1.4,10^(-6) cm/s,1.4,10^(-6) cm/s,7.4,Log unit,,-
OC(CNC(C)CCC1=CC=CC=C1)C2=CC=C(O)C(C(N)=O)=C2,-,-,-,Labetalol,A2105,12008054,-,1,4.5,10^(-6) cm/s,4.5,10^(-6) cm/s,7.4,Log unit,,-
NC(C(O)=O)CC1=CC=CC=C1,-,-,,L-phenylalanine,A2105,12008054,-,1,<0.05,10^(-6) cm/s,0.05,10^(-6) cm/s,7.4,Log unit,,-
S(O)(=O)(=O)C1=C(N)C2=C3C(=C1)C(=O)N(C(=O)C3=CC(S(O)(=O)=O)=C2)C(=O)NN.[Li].[Li],-,-,,Lucifer Yellow,A2105,12008054,-,1,<0.05,10^(-6) cm/s,0.05,10^(-6) cm/s,7.4,Log unit,,-
ClCCN(C1=CC=C(CC(N)C(O)=O)C=C1)CCCl,-,-,-,Melphalan,A2105,12008054,-,1,5.7,10^(-6) cm/s,5.7,10^(-6) cm/s,7.4,Log unit,,-
O=C(NC(C(O)=O)CCC(O)=O)C1=CC=C(N(C)CC=2C=NC3=C(N2)C(=NC(=N3)N)N)C=C1,-,-,-,Methotrexate,A2105,12008054,-,1,0.1,10^(-6) cm/s,0.1,10^(-6) cm/s,7.4,Log unit,,-
OC1(C2(C(C3C(C(O)C2)C4(C(C(C3)C)=CC(=O)C=C4)C)CC1)C)C(=O)CO,-,-,-,Methylprednisolone,A2105,12008054,-,1,5.9,10^(-6) cm/s,5.9,10^(-6) cm/s,7.4,Log unit,,-
O(CC(O)CNC(C)C)C1=CC=C(CCOC)C=C1,-,-,,metoprolol,A2105,12008054,-,1,3.5,10^(-6) cm/s,3.5,10^(-6) cm/s,7.4,Log unit,,-
N1(CC(C=2C(Cl)=CC(Cl)=CC2)OCC=3C(Cl)=CC(Cl)=CC3)C=NC=C1,-,-,,miconazole,A2105,12008054,-,1,<0.05,10^(-6) cm/s,0.05,10^(-6) cm/s,7.4,Log unit,,-
C1=2C(CC(O)C(C1)O)=CC=CC2OCC(CNC(C)(C)C)O,-,-,,Nadolol,A2105,12008054,-,1,<0.05,10^(-6) cm/s,0.05,10^(-6) cm/s,7.4,Log unit,,-
C=1(C=C2C=CC(=CC2=CC1)OC)C(C(=O)O)C,-,-,-,Naproxen,A2105,12008054,-,1,10.6,10^(-6) cm/s,10.6,10^(-6) cm/s,7.4,Log unit,,-
CN1CCCC1C2=CC=CN=C2,-,-,-,Nicotine,A2105,12008054,-,1,21.2,10^(-6) cm/s,21.2,10^(-6) cm/s,7.4,Log unit,,-
CCN1C=C(C(=O)C2=CC(=C(C=C21)N3CCNCC3)F)C(=O)O,-,-,-,Norfloxacin,A2105,12008054,-,1,0.9,10^(-6) cm/s,0.9,10^(-6) cm/s,7.4,Log unit,,-
CC1(C)C(C(O)=O)N2C(C(NC(COC3=CC=CC=C3)=O)C2S1)=O,-,-,-,Penicillin V,A2105,12008054,-,1,0.1,10^(-6) cm/s,0.1,10^(-6) cm/s,7.4,Log unit,,-
O=C1NC(C(C2=CC=CC=C2)(C3=CC=CC=C3)N1)=O,-,-,-,Phenytoin,A2105,12008054,-,1,5.1,10^(-6) cm/s,5.1,10^(-6) cm/s,7.4,Log unit,,-
CC(NCC(COC1=CC=CC2=C1C=CN2)O)C,-,-,-,Pindolol,A2105,12008054,-,1,4.9,10^(-6) cm/s,4.9,10^(-6) cm/s,7.4,Log unit,,-
S1(=O)(=O)N(C(C(=O)C=2C1=CC=CC2)=C(O)NC=3N=CC=CC3)C,-,-,-,Piroxicam,A2105,12008054,-,1,8.2,10^(-6) cm/s,8.2,10^(-6) cm/s,7.4,Log unit,,-
C1(=NC(=C2C=C(OC)C(=CC2=N1)OC)N)N3CCN(C(C=4OC=CC4)=O)CC3,-,-,-,Prazosin,A2105,12008054,-,1,13.5,10^(-6) cm/s,13.5,10^(-6) cm/s,7.4,Log unit,,-
OC1(C2(C(C3C(C(O)C2)C4(C(CC3)=CC(=O)C=C4)C)CC1)C)C(=O)CO,-,-,-,Prednisolone,A2105,12008054,-,1,5.7,10^(-6) cm/s,5.7,10^(-6) cm/s,7.4,Log unit,,-
S(C=1C=CC(C(=O)O)=CC1)(N(CCC)CCC)(=O)=O,-,-,-,Probenecid,A2105,12008054,-,1,2.4,10^(-6) cm/s,2.4,10^(-6) cm/s,7.4,Log unit,,-
O=C1CCC2(C)C(CCC3C2CCC4(C)C3CCC4C(C)=O)=C1,-,-,-,progesterone,A2105,12008054,-,1,4,10^(-6) cm/s,4,10^(-6) cm/s,7.4,Log unit,,-
CC(NCC(COC1=C2C=CC=CC2=CC=C1)O)C,-,-,-,Propranolol,A2105,12008054,-,1,23.5,10^(-6) cm/s,23.5,10^(-6) cm/s,7.4,Log unit,,-
C1(CN2C(CC1CC2)C(O)C3=CC=NC=4C3=CC(OC)=CC4)C=C,-,-,-,quinidine,A2105,12008054,-,1,10.9,10^(-6) cm/s,10.9,10^(-6) cm/s,7.4,Log unit,,-
CN(C)CC1=CC=C(CSCCNC(NC)=CN(=O)=O)O1,-,-,-,Ranitidine,A2105,12008054,-,1,0.5,10^(-6) cm/s,0.5,10^(-6) cm/s,7.4,Log unit,,-
C1=CC=C2C(=C1)C(=O)NS2(=O)=O,-,-,,saccharin,A2105,12008054,-,1,<0.05,10^(-6) cm/s,0.05,10^(-6) cm/s,7.4,Log unit,,-
OC(C1=CC=CC=C1O)=O,-,-,-,Salicylic acid,A2105,12008054,-,1,3.3,10^(-6) cm/s,3.3,10^(-6) cm/s,7.4,Log unit,,-
OC(CNC(C)C)C1=CC=C(NS(C)(=O)=O)C=C1,-,-,-,Sotalol,A2105,12008054,-,1,1.1,10^(-6) cm/s,1.1,10^(-6) cm/s,7.4,Log unit,,-
S(=O)(=O)(NC=1N=CC=CC1)C2=CC=C(NN=C3C=C(C(=O)C=C3)C(O)=O)C=C2,-,-,-,Sulfasalazine,A2105,12008054,-,1,0.1,10^(-6) cm/s,0.1,10^(-6) cm/s,7.4,Log unit,,-
C=1(C=C(C=CC1OC)S(=O)(=O)N)C(=O)NCC2N(CCC2)CC,-,-,-,sulpiride,A2105,12008054,-,1,0.1,10^(-6) cm/s,0.1,10^(-6) cm/s,7.4,Log unit,,-
O1C(CCC1)C(=O)N2CCN(CC2)C3=NC=4C(C(=N3)N)=CC(OC)=C(OC)C4,-,-,-,Terazosin,A2105,12008054,-,1,8.8,10^(-6) cm/s,8.8,10^(-6) cm/s,7.4,Log unit,,-
OC1=CC(O)=CC(C(O)CNC(C)(C)C)=C1,-,-,-,Terbutaline,A2105,12008054,-,1,0.1,10^(-6) cm/s,0.1,10^(-6) cm/s,7.4,Log unit,,-
CN1C(N(C2=C(C1=O)NC=N2)C)=O,-,-,-,Theophyline,A2105,12008054,-,1,4.8,10^(-6) cm/s,4.8,10^(-6) cm/s,7.4,Log unit,,-
S1N=C(N2CCOCC2)C(OCC(O)CNC(C)(C)C)=N1,-,-,-,Timolol,A2105,12008054,-,1,5.1,10^(-6) cm/s,5.1,10^(-6) cm/s,7.4,Log unit,,-
C(C1CCC(CC1)CN)(=O)O,-,-,,Tranexamic acid,A2105,12008054,-,1,<0.05,10^(-6) cm/s,0.05,10^(-6) cm/s,7.4,Log unit,,-
NC1=NC=C(CC2=CC(OC)=C(OC)C(OC)=C2)C(N)=N1,-,-,-,Trimethoprim,A2105,12008054,-,1,5,10^(-6) cm/s,5,10^(-6) cm/s,7.4,Log unit,,-
COC1=CC=C(C=C1OC)CCN(CCCC(C(C)C)(C2=CC(OC)=C(OC)C=C2)C#N)C,-,-,-,Verapamil,A2105,12008054,-,1,7.4,10^(-6) cm/s,7.4,10^(-6) cm/s,7.4,Log unit,,-
O=C(C)CC(C1=C(O)OC2=CC=CC=C2C1=O)C3=CC=CC=C3,-,-,-,Warfarin,A2105,12008054,-,1,12.3,10^(-6) cm/s,12.3,10^(-6) cm/s,7.4,Log unit,,-
O=C1N(C2CC(N=[N+]=[N-])C(CO)O2)C=C(C)C(N1)=O,-,-,-,Zidovudine,A2105,12008054,-,1,4.9,10^(-6) cm/s,4.9,10^(-6) cm/s,7.4,Log unit,,-
ClC=1C=CC(N2C(OC(=O)N3CCN(CC3)C)C4=NC=CN=C4C2=O)=NC1,-,-,-,Zopiclone,A2105,12008054,-,1,8.9,10^(-6) cm/s,8.9,10^(-6) cm/s,7.4,Log unit,,-
C=1(C=C2C=CC(=CC2=CC1)OC)C(C(=O)O)C,-,-,AUTO_1,Naproxen,A140256,-,-,-,281,10^(-6) cm/s,281,10^(-6) cm/s,4,Log unit,25,Celsius
C=1(C=C2C=CC(=CC2=CC1)OC)C(C(=O)O)C,-,-,AUTO_2,Naproxen,A140256,-,-,-,8.82,10^(-6) cm/s,8.82,10^(-6) cm/s,7,Log unit,25,Celsius
C=1(C=C2C=CC(=CC2=CC1)OC)C(C(=O)O)C,-,-,AUTO_3,Naproxen,A140256,-,-,-,0.807,10^(-6) cm/s,0.807,10^(-6) cm/s,8,Log unit,25,Celsius
CN1S(C=2C=CC=CC2C(O)=C1C(NC=3N=CC=CC3)=O)(=O)=O,-,-,AUTO_4,Piroxicam,A140256,-,-,-,140,10^(-6) cm/s,140,10^(-6) cm/s,4,Log unit,25,Celsius
CN1S(C=2C=CC=CC2C(O)=C1C(NC=3N=CC=CC3)=O)(=O)=O,-,-,AUTO_5,Piroxicam,A140256,-,-,-,36.2,10^(-6) cm/s,36.2,10^(-6) cm/s,7,Log unit,25,Celsius
CN1S(C=2C=CC=CC2C(O)=C1C(NC=3N=CC=CC3)=O)(=O)=O,-,-,AUTO_6,Piroxicam,A140256,-,-,-,9.13,10^(-6) cm/s,9.13,10^(-6) cm/s,8,Log unit,25,Celsius
CNCCCN1C2=C(CCC3=C1C=CC=C3)C=CC=C2,-,-,AUTO_7,Desipramine,A140256,-,-,-,0.475,10^(-6) cm/s,0.475,10^(-6) cm/s,4,Log unit,25,Celsius
CNCCCN1C2=C(CCC3=C1C=CC=C3)C=CC=C2,-,-,AUTO_8,Desipramine,A140256,-,-,-,190,10^(-6) cm/s,190,10^(-6) cm/s,7,Log unit,25,Celsius
CNCCCN1C2=C(CCC3=C1C=CC=C3)C=CC=C2,-,-,AUTO_9,Desipramine,A140256,-,-,-,180,10^(-6) cm/s,180,10^(-6) cm/s,8,Log unit,25,Celsius
C=1(C(C#N)(C(C)C)CCCN(CCC=2C=C(C(OC)=CC2)OC)C)C=C(C(OC)=CC1)OC,-,-,AUTO_10,Verapamil,A140256,-,-,-,3.45,10^(-6) cm/s,3.45,10^(-6) cm/s,4,Log unit,25,Celsius
C=1(C(C#N)(C(C)C)CCCN(CCC=2C=C(C(OC)=CC2)OC)C)C=C(C(OC)=CC1)OC,-,-,AUTO_11,Verapamil,A140256,-,-,-,220,10^(-6) cm/s,220,10^(-6) cm/s,7,Log unit,25,Celsius
C=1(C(C#N)(C(C)C)CCCN(CCC=2C=C(C(OC)=CC2)OC)C)C=C(C(OC)=CC1)OC,-,-,AUTO_12,Verapamil,A140256,-,-,-,174,10^(-6) cm/s,174,10^(-6) cm/s,8,Log unit,25,Celsius
Cl.O(CC(O)CNC(C)C)C1=C(C=C(NC(=O)CCC)C=C1)C(=O)C,-,-,AUTO_1,Acebutolol hydrochloride,A140258,18185985,-,-,0.03,10^(-6) cm/s,0.03,10^(-6) cm/s,7.4,Log unit,25,Celsius
O=C1C2=C(N(COCCO)C=N2)N=C(N)N1,-,-,AUTO_2,Acyclovir,A140258,18185985,-,-,0.04,10^(-6) cm/s,0.04,10^(-6) cm/s,7.4,Log unit,25,Celsius
[NH2+](CC(COC=1C(CC=C)=CC=CC1)O)C(C)C,-,-,AUTO_3,Alprenolol,A140258,18185985,-,-,11.81,10^(-6) cm/s,11.81,10^(-6) cm/s,7.4,Log unit,25,Celsius
NC1=NC(N)=C(Cl)N=C1C(NC(N)=N)=O,-,-,AUTO_4,Amiloride,A140258,18185985,-,-,0,10^(-6) cm/s,0,10^(-6) cm/s,7.4,Log unit,25,Celsius
CC1=CC(N(N1C)C2=CC=CC=C2)=O,-,-,AUTO_5,Phenazone,A140258,18185985,-,-,0.74,10^(-6) cm/s,0.74,10^(-6) cm/s,7.4,Log unit,25,Celsius
CC(NCC(COC1=CC=C(C=C1)CC(N)=O)O)C,-,-,AUTO_6,atenolol,A140258,18185985,-,-,0.06,10^(-6) cm/s,0.06,10^(-6) cm/s,7.4,Log unit,25,Celsius
CN1C=NC=2N(C(N(C)C(C21)=O)=O)C,-,-,AUTO_7,Caffeine,A140258,18185985,-,-,1.2,10^(-6) cm/s,1.2,10^(-6) cm/s,7.4,Log unit,25,Celsius
NC(N1C2=C(C=CC3=C1C=CC=C3)C=CC=C2)=O,-,-,AUTO_8,carbamazepine,A140258,18185985,-,-,6.4,10^(-6) cm/s,6.4,10^(-6) cm/s,7.4,Log unit,25,Celsius
CNCCCN1C2=C(CCC3=C1C=CC=C3)C=CC=C2,-,-,AUTO_9,Desipramine,A140258,18185985,-,-,16.59,10^(-6) cm/s,16.59,10^(-6) cm/s,7.4,Log unit,25,Celsius
N(C=1C(Cl)=CC=CC1Cl)C=2C(CC(=O)O)=CC=CC2,-,-,AUTO_10,Diclofenac,A140258,18185985,-,-,1.37,10^(-6) cm/s,1.37,10^(-6) cm/s,7.4,Log unit,25,Celsius
O=C(C)OC1C(C2=CC=C(OC)C=C2)SC3=C(N(C1=O)CCN(C)C)C=CC=C3,-,-,AUTO_11,Diltiazem,A140258,18185985,-,-,17.09,10^(-6) cm/s,17.09,10^(-6) cm/s,7.4,Log unit,25,Celsius
NC(N)=NC1=NC(CSCCC(N)=NS(N)(=O)=O)=CS1,-,-,AUTO_12,Famotidine,A140258,18185985,-,-,0.06,10^(-6) cm/s,0.06,10^(-6) cm/s,7.4,Log unit,25,Celsius
S(c1cc(c(NCc2occc2)cc1Cl)C(=O)O)(=O)(=O)N,-,-,AUTO_13,Furosemide,A140258,18185985,-,-,0.01,10^(-6) cm/s,0.01,10^(-6) cm/s,7.4,Log unit,25,Celsius
O=S1(NCNC2=C1C=C(S(=O)(N)=O)C(Cl)=C2)=O,-,-,AUTO_14,Hydrochlorothiazide,A140258,18185985,-,-,0.02,10^(-6) cm/s,0.02,10^(-6) cm/s,7.4,Log unit,25,Celsius
C(C(C=1C=CC(CC(C)C)=CC1)C)(=O)O,-,-,AUTO_15,Ibuprofen,A140258,18185985,-,-,2.4,10^(-6) cm/s,2.4,10^(-6) cm/s,7.4,Log unit,25,Celsius
CN(CCCN1C2=C(CCC3=C1C=CC=C3)C=CC=C2)C,-,-,AUTO_16,Imipramine,A140258,18185985,-,-,14.04,10^(-6) cm/s,14.04,10^(-6) cm/s,7.4,Log unit,25,Celsius
COC1=CC2=C(N(C(C)=C2CC(O)=O)C(C3=CC=C(C=C3)Cl)=O)C=C1,-,-,AUTO_17,Indomethacin,A140258,18185985,-,-,0.3,10^(-6) cm/s,0.3,10^(-6) cm/s,7.4,Log unit,25,Celsius
C(C=1C=C(C(C(=O)O)C)C=CC1)(=O)C=2C=CC=CC2,-,-,AUTO_18,Ketoprofen,A140258,18185985,-,-,0.05,10^(-6) cm/s,0.05,10^(-6) cm/s,7.4,Log unit,25,Celsius
C=1(C=CC(CCOC)=CC1)OCC(CNC(C)C)O,-,-,AUTO_19,metoprolol,A140258,18185985,-,-,0.41,10^(-6) cm/s,0.41,10^(-6) cm/s,7.4,Log unit,25,Celsius
C1=2CC(O)C(CC1=CC=CC2OCC(CNC(C)(C)C)O)O,-,-,AUTO_20,Nadolol,A140258,18185985,-,-,0.28,10^(-6) cm/s,0.28,10^(-6) cm/s,7.4,Log unit,25,Celsius
C=1(C=C2C=CC(=CC2=CC1)OC)C(C(=O)O)C,-,-,AUTO_21,Naproxen,A140258,18185985,-,-,0.34,10^(-6) cm/s,0.34,10^(-6) cm/s,7.4,Log unit,25,Celsius
CN1CCCC1C2=CC=CN=C2,-,-,AUTO_22,Nicotine,A140258,18185985,-,-,10.47,10^(-6) cm/s,10.47,10^(-6) cm/s,7.4,Log unit,25,Celsius
O=C1NC(C(=O)N1[Na])(C2=CC=CC=C2)C3=CC=CC=C3,-,-,AUTO_23,phenytoin sodium,A140258,18185985,-,-,0.38,10^(-6) cm/s,0.38,10^(-6) cm/s,7.4,Log unit,25,Celsius
CN1S(C=2C=CC=CC2C(O)=C1C(NC=3N=CC=CC3)=O)(=O)=O,-,-,AUTO_24,Piroxicam,A140258,18185985,-,-,2.64,10^(-6) cm/s,2.64,10^(-6) cm/s,7.4,Log unit,25,Celsius
[NH2+](CC(COC=1C=2C(=CC=CC2)C=CC1)O)C(C)C.[Cl-],-,-,AUTO_25,Propranolol hydrochloride,A140258,18185985,-,-,14.3,10^(-6) cm/s,14.3,10^(-6) cm/s,7.4,Log unit,25,Celsius
CN(C)CC1=CC=C(CSCCNC(NC)=CN(=O)=O)O1,-,-,AUTO_26,Ranitidine,A140258,18185985,-,-,0.01,10^(-6) cm/s,0.01,10^(-6) cm/s,7.4,Log unit,25,Celsius
C=1(C=C(C=CC1OC)S(=O)(=O)N)C(=O)NCC2N(CCC2)CC,-,-,AUTO_27,sulpiride,A140258,18185985,-,-,0.03,10^(-6) cm/s,0.03,10^(-6) cm/s,7.4,Log unit,25,Celsius
OC1=CC(O)=CC(C(O)CNC(C)(C)C)=C1,-,-,AUTO_28,Terbutaline,A140258,18185985,-,-,0.05,10^(-6) cm/s,0.05,10^(-6) cm/s,7.4,Log unit,25,Celsius
CN1C(N(C2=C(C1=O)NC=N2)C)=O,-,-,AUTO_29,Theophylline,A140258,18185985,-,-,0.04,10^(-6) cm/s,0.04,10^(-6) cm/s,7.4,Log unit,25,Celsius
CC(C)(C)NCC(O)COC1=NSN=C1N2CCOCC2,-,-,AUTO_30,Timolol,A140258,18185985,-,-,0.61,10^(-6) cm/s,0.61,10^(-6) cm/s,7.4,Log unit,25,Celsius
Cl.O(C=1C=C(C(C(C)C)(CCCN(CCC2=CC(OC)=C(OC)C=C2)C)C#N)C=CC1OC)C,-,-,AUTO_31,Verapamil hydrochloride,A140258,18185985,-,-,39.4,10^(-6) cm/s,39.4,10^(-6) cm/s,7.4,Log unit,25,Celsius
CC(CC(C=1C=CC=CC1)C=2C(=O)OC3=C(C2O)C=CC=C3)=O,-,-,AUTO_32,Warfarin,A140258,18185985,-,-,1.58,10^(-6) cm/s,1.58,10^(-6) cm/s,7.4,Log unit,25,Celsius
